[
  {
    "timestamp": "2025-04-19T16:33:54.067338",
    "ticket_id": 1363190883629138095,
    "ticket_name": "ticket-animesao",
    "action": "Создан",
    "user_id": 1035507808378028053,
    "user_name": "animesao",
    "reason": "32132131"
  },
  {
    "timestamp": "2025-04-19T16:34:15.896414",
    "ticket_id": 1363190883629138095,
    "ticket_name": "ticket-animesao",
    "action": "Закрыт",
    "user_id": 784701404308308028,
    "user_name": "thediamond5",
    "reason": "гей"
  }
]