[
  {
    "timestamp": "2025-04-26T14:11:43.920822",
    "ticket_id": 1365691821124091936,
    "ticket_name": "ticket-animesao",
    "action": "Создан",
    "user_id": 1035507808378028053,
    "user_name": "animesao",
    "reason": "321312"
  },
  {
    "timestamp": "2025-04-26T14:11:55.597529",
    "ticket_id": 1365691821124091936,
    "ticket_name": "ticket-animesao",
    "action": "Закрыт",
    "user_id": 1035507808378028053,
    "user_name": "animesao",
    "reason": "543534"
  }
]