[
  {
    "timestamp": "2025-04-26T20:07:29.186962",
    "ticket_id": 1365781350854037624,
    "ticket_name": "ticket-lander_yt_tt",
    "action": "Создан",
    "user_id": 1156629422942724198,
    "user_name": "lander_yt_tt",
    "reason": "Покупка тарифа в другой валюте"
  },
  {
    "timestamp": "2025-04-26T20:17:17.546956",
    "ticket_id": 1365781350854037624,
    "ticket_name": "ticket-lander_yt_tt",
    "action": "Закрыт",
    "user_id": 1156629422942724198,
    "user_name": "lander_yt_tt",
    "reason": "Подумаю"
  }
]